Colonne 1,Marque,Modèle,Version/Moteur,Année,Catégories,SubCatégories,Type de Pièce,Référence OE,Fournisseur,Référence Fournisseur,Prix,Commentaires
1,Renault,Clio IV,1.5 DCI 66KW K9K,2013-2019,Filtres ,Filtres à Huile,Filtre à Huile,8200768913,PURFLUX,LS571,"8,12€",
1,Renault,Clio IV,1.5 DCI 66KW K9K,2013-2019,Filtres ,Filtres à Air,Filtre à Air,165461599R,PURFLUX,A1185,"11,74€",
1,Renault,Clio IV,1.5 DCI 66KW K9K,2013-2019,Filtres ,Filtres à Carburant,Filtre à Carburant,164031581R,PURFLUX,C826,"11,54€",Filtre Papier
1,Renault,Clio IV,1.5 DCI 66KW K9K,2013-2019,Freins,Plaquette AV,Plaquette AV ,410604775R,0 986 424 795,BOSCH,"23,26€",
1,Renault,Clio IV,1.5 DCI 66KW K9K,2013-2019,Freins,Disque AV,Disque AV,402066839R,0 986 479 A86,BOSCH,"34,11€/Pièces",
1,Renault,Clio IV,1.5 DCI 66KW K9K,2013-2019,Freins,Plaquette AR,Plaquette AR ,440600295R,0 986 494 387,BOSCH,"22,28€",
1,Renault,Clio IV,1.5 DCI 66KW K9K,2013-2019,Freins,Disque AR,Disque AR ,432002188R,0 986 479 761,BOSCH,"92,64€/Pièces",Avec Roulement
1,Renault,Clio IV,1.5 DCI 66KW K9K,2013-2019,Hydraulique de Frein,Étrier,Étrier de Frein AVG,7701208332,BHW415,TRW,"118,85€",
1,Renault,Clio IV,1.5 DCI 66KW K9K,2013-2019,Hydraulique de Frein,Étrier,Étrier de Frein AVD,7701208333, BHW416,TRW,"66,60€",
1,Renault,Clio IV,1.5 DCI 66KW K9K,2013-2019,Hydraulique de Frein,Étrier,Étrier de Frein ARRG,440119651R,BHQ287,TRW,"96,87€",
1,Renault,Clio IV,1.5 DCI 66KW K9K,2013-2019,Hydraulique de Frein,Étrier,Étrier de frein ARRD,440018805R,BHQ288,TRW,"98,11€",
1,Renault,Clio IV,1.5 DCI 66KW K9K,2013-2019,Essieu,Essieu AV,Roulement AV ,402104249R,R155.122,SNR,"36,60€",
1,Renault,Clio IV,1.5 DCI 66KW K9K,2013-2019,Essieu,Essieu AR,Roulement AR,432102103R,R155.123,SNR,"39,51€",
1,Renault,Clio IV,1.5 DCI 66KW K9K,2013-2019,Câbles,Câbles de Frein,Câble de frein ARG,365307515R,8140 251214,TRISCAN,"30,95€",
1,Renault,Clio IV,1.5 DCI 66KW K9K,2013-2019,Câbles,Câbles de Frein,Câble de Frein ARD ,365302756R,8140 251237,TRISCAN,"23,72",